date;SP500;NASDAQ
2023-03-20-09-00;3916.64;12519.88
2023-03-20-09-01;3916.64;12519.88
2023-03-20-09-02;3916.64;12519.88
2023-03-20-09-03;3916.64;12519.88
2023-03-20-09-04;3916.64;12519.88
2023-03-20-09-05;3916.64;12519.88
2023-03-20-09-06;3916.64;12519.88
2023-03-20-09-07;3916.64;12519.88
2023-03-20-09-08;3916.64;12519.88
2023-03-20-09-09;3916.64;12519.88
2023-03-20-09-10;3916.64;12519.88
2023-03-20-09-11;3916.64;12519.88
2023-03-20-09-12;3916.64;12519.88
2023-03-20-09-13;3916.64;12519.88
2023-03-20-09-14;3916.64;12519.88
2023-03-20-09-15;3916.64;12519.88
2023-03-20-09-16;3916.64;12519.88
2023-03-20-09-17;3916.64;12519.88
2023-03-20-09-18;3916.64;12519.88
2023-03-20-09-19;3916.64;12519.88
2023-03-20-09-20;3916.64;12519.88
2023-03-20-09-21;3916.64;12519.88
2023-03-20-09-22;3916.64;12519.88
2023-03-20-09-23;3916.64;12519.88
2023-03-20-09-24;3916.64;12519.88
2023-03-20-09-25;3916.64;12519.88
2023-03-20-09-26;3916.64;12519.88
2023-03-20-09-27;3916.64;12519.88
2023-03-20-09-28;3916.64;12519.88
2023-03-20-09-29;3916.64;12519.88
2023-03-20-09-30;3917.47;12519.88
2023-03-20-09-31;3925.44;12498.19
2023-03-20-09-32;3921.57;12475.49
2023-03-20-09-33;3927.50;12478.78
2023-03-20-09-34;3932.90;12493.85
2023-03-20-09-35;3923.68;12459.57
2023-03-20-09-36;3922.72;12452.53
2023-03-20-09-37;3918.70;12437.29
2023-03-20-09-38;3920.27;12443.01
2023-03-20-09-39;3924.41;12456.67
2023-03-20-09-40;3925.80;12468.29
2023-03-20-09-41;3926.16;12469.26
2023-03-20-09-42;3930.67;12480.12
2023-03-20-09-43;3929.30;12457.36
2023-03-20-09-44;3923.58;12441.28
2023-03-20-09-45;3923.43;12438.66
2023-03-20-09-46;3925.17;12439.26
2023-03-20-09-47;3924.84;12439.30
2023-03-20-09-48;3924.60;12432.25
2023-03-20-09-49;3919.95;12418.18
2023-03-20-09-50;3928.57;12443.74
2023-03-20-09-51;3928.99;12440.11
2023-03-20-09-52;3934.59;12461.23
2023-03-20-09-53;3932.37;12452.65
2023-03-20-09-54;3934.51;12453.58
2023-03-20-09-55;3930.39;12433.37
2023-03-20-09-56;3931.69;12434.49
2023-03-20-09-57;3932.59;12437.06
2023-03-20-09-58;3932.62;12440.52
2023-03-20-09-59;3932.70;12438.78
2023-03-20-10-00;3932.57;12439.62
2023-03-20-10-01;3938.83;12462.49
2023-03-20-10-02;3940.14;12472.99
2023-03-20-10-03;3939.11;12470.22
2023-03-20-10-04;3940.69;12483.96
2023-03-20-10-05;3940.45;12479.45
2023-03-20-10-06;3940.73;12481.59
2023-03-20-10-07;3936.97;12464.92
2023-03-20-10-08;3934.97;12462.73
2023-03-20-10-09;3932.63;12452.60
2023-03-20-10-10;3931.00;12446.29
2023-03-20-10-11;3931.71;12447.15
2023-03-20-10-12;3930.53;12444.91
2023-03-20-10-13;3934.13;12460.63
2023-03-20-10-14;3935.98;12463.52
2023-03-20-10-15;3932.58;12453.83
2023-03-20-10-16;3935.01;12458.90
2023-03-20-10-17;3933.70;12455.91
2023-03-20-10-18;3931.01;12447.68
2023-03-20-10-19;3927.70;12438.20
2023-03-20-10-20;3926.29;12439.20
2023-03-20-10-21;3928.04;12439.34
2023-03-20-10-22;3929.64;12447.36
2023-03-20-10-23;3930.48;12445.01
2023-03-20-10-24;3934.04;12458.53
2023-03-20-10-25;3938.77;12479.45
2023-03-20-10-26;3937.01;12472.27
2023-03-20-10-27;3936.75;12471.82
2023-03-20-10-28;3937.13;12474.58
2023-03-20-10-29;3939.26;12479.68
2023-03-20-10-30;3938.98;12479.73
2023-03-20-10-31;3940.67;12488.11
2023-03-20-10-32;3941.39;12493.24
2023-03-20-10-33;3937.87;12478.01
2023-03-20-10-34;3939.16;12482.48
2023-03-20-10-35;3940.47;12491.18
2023-03-20-10-36;3940.89;12493.75
2023-03-20-10-37;3939.00;12480.43
2023-03-20-10-38;3938.32;12479.19
2023-03-20-10-39;3935.21;12460.77
2023-03-20-10-40;3934.72;12462.97
2023-03-20-10-41;3935.13;12465.23
2023-03-20-10-42;3937.64;12476.65
2023-03-20-10-43;3937.11;12475.49
2023-03-20-10-44;3936.27;12471.78
2023-03-20-10-45;3935.37;12472.98
2023-03-20-10-46;3937.36;12477.35
2023-03-20-10-47;3936.69;12476.91
2023-03-20-10-48;3938.43;12487.22
2023-03-20-10-49;3940.67;12493.68
2023-03-20-10-50;3942.70;12508.71
2023-03-20-10-51;3940.51;12494.46
2023-03-20-10-52;3941.75;12497.05
2023-03-20-10-53;3941.72;12499.81
2023-03-20-10-54;3940.42;12493.02
2023-03-20-10-55;3941.10;12500.38
2023-03-20-10-56;3942.63;12506.19
2023-03-20-10-57;3943.13;12507.92
2023-03-20-10-58;3944.96;12515.86
2023-03-20-10-59;3945.97;12517.90
2023-03-20-11-00;3946.66;12519.83
2023-03-20-11-01;3946.30;12513.48
2023-03-20-11-02;3949.75;12527.96
2023-03-20-11-03;3949.06;12524.15
2023-03-20-11-04;3950.39;12528.71
2023-03-20-11-05;3949.65;12529.61
2023-03-20-11-06;3950.99;12535.82
2023-03-20-11-07;3951.12;12537.45
2023-03-20-11-08;3950.44;12532.73
2023-03-20-11-09;3950.03;12535.04
2023-03-20-11-10;3949.56;12532.91
2023-03-20-11-11;3946.17;12521.77
2023-03-20-11-12;3946.14;12521.07
2023-03-20-11-13;3945.90;12520.51
2023-03-20-11-14;3947.39;12524.56
2023-03-20-11-15;3947.65;12528.28
2023-03-20-11-16;3946.44;12526.47
2023-03-20-11-17;3943.50;12519.23
2023-03-20-11-18;3945.81;12527.37
2023-03-20-11-19;3946.90;12530.13
2023-03-20-11-20;3947.73;12532.30
2023-03-20-11-21;3947.08;12530.61
2023-03-20-11-22;3947.23;12532.43
2023-03-20-11-23;3947.67;12533.26
2023-03-20-11-24;3948.90;12534.92
2023-03-20-11-25;3947.83;12529.54
2023-03-20-11-26;3949.56;12536.20
2023-03-20-11-27;3949.54;12537.07
2023-03-20-11-28;3949.78;12539.75
2023-03-20-11-29;3951.94;12549.23
2023-03-20-11-30;3956.08;12563.47
2023-03-20-11-31;3956.27;12565.19
2023-03-20-11-32;3954.77;12563.19
2023-03-20-11-33;3952.15;12551.12
2023-03-20-11-34;3950.40;12543.42
2023-03-20-11-35;3951.83;12548.98
2023-03-20-11-36;3951.75;12549.76
2023-03-20-11-37;3951.25;12547.31
2023-03-20-11-38;3950.85;12546.41
2023-03-20-11-39;3950.46;12544.99
2023-03-20-11-40;3951.49;12548.45
2023-03-20-11-41;3950.98;12549.60
2023-03-20-11-42;3951.48;12550.30
2023-03-20-11-43;3950.01;12542.39
2023-03-20-11-44;3949.34;12540.93
2023-03-20-11-45;3948.43;12536.14
2023-03-20-11-46;3949.01;12537.72
2023-03-20-11-47;3947.13;12528.33
2023-03-20-11-48;3946.75;12524.61
2023-03-20-11-49;3946.21;12519.79
2023-03-20-11-50;3946.45;12520.43
2023-03-20-11-51;3948.19;12525.32
2023-03-20-11-52;3947.13;12516.59
2023-03-20-11-53;3947.21;12518.47
2023-03-20-11-54;3944.33;12507.47
2023-03-20-11-55;3943.23;12505.39
2023-03-20-11-56;3944.36;12509.15
2023-03-20-11-57;3940.98;12498.41
2023-03-20-11-58;3939.89;12493.25
2023-03-20-11-59;3941.18;12495.48
2023-03-20-12-00;3940.02;12491.08
2023-03-20-12-01;3940.70;12495.60
2023-03-20-12-02;3939.91;12492.99
2023-03-20-12-03;3940.03;12492.80
2023-03-20-12-04;3940.43;12493.81
2023-03-20-12-05;3940.41;12495.59
2023-03-20-12-06;3940.19;12495.75
2023-03-20-12-07;3938.66;12492.41
2023-03-20-12-08;3936.90;12486.96
2023-03-20-12-09;3934.70;12478.71
2023-03-20-12-10;3931.18;12464.37
2023-03-20-12-11;3930.39;12461.91
2023-03-20-12-12;3927.23;12452.38
2023-03-20-12-13;3923.80;12442.44
2023-03-20-12-14;3925.28;12450.47
2023-03-20-12-15;3928.31;12461.21
2023-03-20-12-16;3930.43;12467.96
2023-03-20-12-17;3930.42;12472.04
2023-03-20-12-18;3929.92;12469.73
2023-03-20-12-19;3927.69;12461.03
2023-03-20-12-20;3929.11;12467.86
2023-03-20-12-21;3929.02;12464.35
2023-03-20-12-22;3929.52;12467.07
2023-03-20-12-23;3931.67;12472.59
2023-03-20-12-24;3931.66;12471.02
2023-03-20-12-25;3931.22;12469.46
2023-03-20-12-26;3930.55;12467.34
2023-03-20-12-27;3928.74;12460.52
2023-03-20-12-28;3930.21;12466.80
2023-03-20-12-29;3931.95;12472.93
2023-03-20-12-30;3932.90;12475.82
2023-03-20-12-31;3934.87;12484.11
2023-03-20-12-32;3933.39;12474.55
2023-03-20-12-33;3933.06;12475.12
2023-03-20-12-34;3933.12;12474.13
2023-03-20-12-35;3934.66;12480.86
2023-03-20-12-36;3934.18;12479.39
2023-03-20-12-37;3933.71;12476.08
2023-03-20-12-38;3934.05;12478.69
2023-03-20-12-39;3934.42;12477.35
2023-03-20-12-40;3935.88;12480.29
2023-03-20-12-41;3936.35;12483.62
2023-03-20-12-42;3936.23;12483.35
2023-03-20-12-43;3936.49;12482.33
2023-03-20-12-44;3934.50;12474.57
2023-03-20-12-45;3935.23;12476.27
2023-03-20-12-46;3933.94;12469.96
2023-03-20-12-47;3934.65;12477.63
2023-03-20-12-48;3936.06;12484.59
2023-03-20-12-49;3937.96;12490.65
2023-03-20-12-50;3937.44;12489.27
2023-03-20-12-51;3941.60;12502.46
2023-03-20-12-52;3942.96;12509.04
2023-03-20-12-53;3942.60;12507.82
2023-03-20-12-54;3943.25;12508.93
2023-03-20-12-55;3943.13;12506.78
2023-03-20-12-56;3943.06;12509.20
2023-03-20-12-57;3946.08;12514.00
2023-03-20-12-58;3945.25;12511.55
2023-03-20-12-59;3945.03;12510.83
2023-03-20-13-00;3945.18;12511.93
2023-03-20-13-01;3945.09;12509.43
2023-03-20-13-02;3945.57;12510.08
2023-03-20-13-03;3946.25;12511.14
2023-03-20-13-04;3947.17;12515.04
2023-03-20-13-05;3946.28;12511.34
2023-03-20-13-06;3947.43;12517.57
2023-03-20-13-07;3950.24;12524.96
2023-03-20-13-08;3950.00;12522.85
2023-03-20-13-09;3948.38;12515.10
2023-03-20-13-10;3949.31;12517.57
2023-03-20-13-11;3950.34;12520.91
2023-03-20-13-12;3949.96;12520.17
2023-03-20-13-13;3950.65;12524.08
2023-03-20-13-14;3950.49;12524.15
2023-03-20-13-15;3951.09;12528.78
2023-03-20-13-16;3953.06;12534.83
2023-03-20-13-17;3952.77;12534.88
2023-03-20-13-18;3951.49;12530.83
2023-03-20-13-19;3951.40;12529.88
2023-03-20-13-20;3952.43;12532.69
2023-03-20-13-21;3951.64;12529.29
2023-03-20-13-22;3950.14;12525.75
2023-03-20-13-23;3950.98;12527.62
2023-03-20-13-24;3951.67;12528.54
2023-03-20-13-25;3951.60;12530.59
2023-03-20-13-26;3951.41;12532.14
2023-03-20-13-27;3951.06;12532.02
2023-03-20-13-28;3949.76;12527.34
2023-03-20-13-29;3949.13;12524.08
2023-03-20-13-30;3948.51;12523.98
2023-03-20-13-31;3949.59;12527.11
2023-03-20-13-32;3950.69;12532.43
2023-03-20-13-33;3950.69;12532.82
2023-03-20-13-34;3950.92;12535.31
2023-03-20-13-35;3948.51;12527.71
2023-03-20-13-36;3947.31;12523.11
2023-03-20-13-37;3947.14;12524.74
2023-03-20-13-38;3946.83;12523.48
2023-03-20-13-39;3945.28;12519.34
2023-03-20-13-40;3947.71;12527.85
2023-03-20-13-41;3948.63;12530.20
2023-03-20-13-42;3951.06;12539.61
2023-03-20-13-43;3949.91;12537.90
2023-03-20-13-44;3949.35;12539.95
2023-03-20-13-45;3950.04;12542.74
2023-03-20-13-46;3947.82;12535.53
2023-03-20-13-47;3948.83;12540.33
2023-03-20-13-48;3947.13;12535.24
2023-03-20-13-49;3947.32;12536.10
2023-03-20-13-50;3948.31;12540.02
2023-03-20-13-51;3947.48;12538.78
2023-03-20-13-52;3944.96;12529.13
2023-03-20-13-53;3945.10;12531.64
2023-03-20-13-54;3945.31;12532.35
2023-03-20-13-55;3943.82;12527.69
2023-03-20-13-56;3945.37;12532.21
2023-03-20-13-57;3944.77;12529.53
2023-03-20-13-58;3944.28;12529.00
2023-03-20-13-59;3945.38;12533.01
2023-03-20-14-00;3945.90;12534.80
2023-03-20-14-01;3943.68;12526.21
2023-03-20-14-02;3944.35;12529.36
2023-03-20-14-03;3945.81;12533.97
2023-03-20-14-04;3943.17;12524.06
2023-03-20-14-05;3942.43;12523.59
2023-03-20-14-06;3941.37;12520.63
2023-03-20-14-07;3942.49;12522.87
2023-03-20-14-08;3941.02;12521.95
2023-03-20-14-09;3940.28;12519.06
2023-03-20-14-10;3939.90;12515.83
2023-03-20-14-11;3941.51;12520.82
2023-03-20-14-12;3943.33;12525.43
2023-03-20-14-13;3942.37;12524.17
2023-03-20-14-14;3941.44;12520.43
2023-03-20-14-15;3942.06;12520.82
2023-03-20-14-16;3940.34;12515.50
2023-03-20-14-17;3941.24;12522.08
2023-03-20-14-18;3940.77;12520.38
2023-03-20-14-19;3941.25;12522.23
2023-03-20-14-20;3943.81;12528.74
2023-03-20-14-21;3944.10;12531.39
2023-03-20-14-22;3946.34;12540.20
2023-03-20-14-23;3947.74;12545.03
2023-03-20-14-24;3947.43;12546.02
2023-03-20-14-25;3947.09;12546.88
2023-03-20-14-26;3946.05;12541.33
2023-03-20-14-27;3946.20;12544.02
2023-03-20-14-28;3946.79;12545.38
2023-03-20-14-29;3947.79;12545.55
2023-03-20-14-30;3945.03;12537.99
2023-03-20-14-31;3945.87;12540.56
2023-03-20-14-32;3942.15;12529.86
2023-03-20-14-33;3940.89;12526.95
2023-03-20-14-34;3941.71;12528.69
2023-03-20-14-35;3941.72;12528.20
2023-03-20-14-36;3940.48;12524.95
2023-03-20-14-37;3940.32;12526.00
2023-03-20-14-38;3938.32;12519.14
2023-03-20-14-39;3938.69;12521.49
2023-03-20-14-40;3937.19;12514.72
2023-03-20-14-41;3936.89;12514.24
2023-03-20-14-42;3936.77;12511.91
2023-03-20-14-43;3938.05;12518.36
2023-03-20-14-44;3940.35;12526.34
2023-03-20-14-45;3939.68;12525.36
2023-03-20-14-46;3941.42;12529.87
2023-03-20-14-47;3942.03;12530.62
2023-03-20-14-48;3941.64;12529.52
2023-03-20-14-49;3942.19;12533.44
2023-03-20-14-50;3942.34;12534.66
2023-03-20-14-51;3947.59;12552.00
2023-03-20-14-52;3946.65;12546.82
2023-03-20-14-53;3944.85;12541.17
2023-03-20-14-54;3945.03;12538.94
2023-03-20-14-55;3944.36;12537.10
2023-03-20-14-56;3945.16;12540.64
2023-03-20-14-57;3945.16;12543.26
2023-03-20-14-58;3943.09;12536.74
2023-03-20-14-59;3941.31;12530.83
2023-03-20-15-00;3942.12;12531.63
2023-03-20-15-01;3940.79;12529.20
2023-03-20-15-02;3943.31;12536.82
2023-03-20-15-03;3942.54;12533.86
2023-03-20-15-04;3944.38;12538.18
2023-03-20-15-05;3943.39;12536.78
2023-03-20-15-06;3944.46;12543.69
2023-03-20-15-07;3944.33;12542.65
2023-03-20-15-08;3942.69;12538.12
2023-03-20-15-09;3943.46;12538.21
2023-03-20-15-10;3940.94;12529.07
2023-03-20-15-11;3942.34;12532.10
2023-03-20-15-12;3940.36;12524.49
2023-03-20-15-13;3940.26;12525.08
2023-03-20-15-14;3940.55;12526.31
2023-03-20-15-15;3941.23;12528.53
2023-03-20-15-16;3940.55;12526.29
2023-03-20-15-17;3941.12;12527.72
2023-03-20-15-18;3940.14;12525.46
2023-03-20-15-19;3942.37;12533.94
2023-03-20-15-20;3944.20;12536.92
2023-03-20-15-21;3942.21;12531.35
2023-03-20-15-22;3938.73;12519.01
2023-03-20-15-23;3939.38;12519.38
2023-03-20-15-24;3940.63;12521.50
2023-03-20-15-25;3941.69;12525.30
2023-03-20-15-26;3944.43;12532.69
2023-03-20-15-27;3945.85;12538.65
2023-03-20-15-28;3944.44;12532.53
2023-03-20-15-29;3945.63;12536.83
2023-03-20-15-30;3944.83;12531.70
2023-03-20-15-31;3945.74;12535.58
2023-03-20-15-32;3947.49;12539.01
2023-03-20-15-33;3947.93;12539.80
2023-03-20-15-34;3948.11;12540.86
2023-03-20-15-35;3947.69;12541.31
2023-03-20-15-36;3947.25;12538.97
2023-03-20-15-37;3948.22;12542.80
2023-03-20-15-38;3946.80;12537.96
2023-03-20-15-39;3948.24;12542.99
2023-03-20-15-40;3947.62;12542.91
2023-03-20-15-41;3947.88;12545.62
2023-03-20-15-42;3948.53;12548.30
2023-03-20-15-43;3950.05;12551.53
2023-03-20-15-44;3949.13;12549.35
2023-03-20-15-45;3947.38;12541.72
2023-03-20-15-46;3948.68;12549.57
2023-03-20-15-47;3949.82;12551.61
2023-03-20-15-48;3951.65;12559.23
2023-03-20-15-49;3951.05;12556.91
2023-03-20-15-50;3952.12;12562.90
2023-03-20-15-51;3955.16;12573.59
2023-03-20-15-52;3954.25;12572.98
2023-03-20-15-53;3952.78;12565.59
2023-03-20-15-54;3952.77;12563.99
2023-03-20-15-55;3951.47;12560.75
2023-03-20-15-56;3949.95;12556.23
2023-03-20-15-57;3950.02;12558.18
2023-03-20-15-58;3950.87;12559.42
2023-03-20-15-59;3951.38;12562.55
2023-03-20-16-00;3951.58;12562.61
2023-03-20-16-01;3951.55;12562.61
2023-03-20-16-02;3951.55;12562.61
2023-03-20-16-03;3951.55;12562.61
2023-03-20-16-04;3951.57;12562.61
2023-03-20-16-05;3951.57;12562.61
2023-03-20-16-06;3951.57;12562.61
2023-03-20-16-07;3951.57;12562.61
2023-03-20-16-08;3951.57;12562.61
2023-03-20-16-09;3951.57;12562.61
2023-03-20-16-10;3951.57;12562.61
2023-03-20-16-11;3951.57;12562.61
2023-03-20-16-12;3951.57;12562.61
2023-03-20-16-13;3951.57;12562.61
2023-03-20-16-14;3951.57;12562.61
2023-03-20-16-15;3951.57;12562.61
2023-03-20-16-16;3951.57;12562.61
2023-03-20-16-17;3951.57;12562.61
2023-03-20-16-18;3951.57;12562.61
2023-03-20-16-19;3951.57;12562.61
2023-03-20-16-20;3951.57;12562.61
2023-03-20-16-21;3951.57;12562.61
2023-03-20-16-22;3951.57;12562.61
2023-03-20-16-23;3951.57;12562.61
2023-03-20-16-24;3951.57;12562.61
2023-03-20-16-25;3951.57;12562.61
2023-03-20-16-26;3951.57;12562.61
2023-03-20-16-27;3951.57;12562.61
2023-03-20-16-28;3951.57;12562.61
2023-03-20-16-29;3951.57;12562.61
2023-03-20-16-30;3951.57;12562.61
2023-03-20-16-31;3951.57;12562.61
2023-03-20-16-32;3951.57;12562.61
2023-03-20-16-33;3951.57;12562.61
2023-03-20-16-34;3951.57;12562.61
2023-03-20-16-35;3951.57;12562.61
2023-03-20-16-36;3951.57;12562.61
2023-03-20-16-37;3951.57;12562.61
2023-03-20-16-38;3951.57;12562.61
2023-03-20-16-39;3951.57;12562.61
2023-03-20-16-40;3951.57;12562.61
2023-03-20-16-41;3951.57;12562.61
2023-03-20-16-42;3951.57;12562.61
2023-03-20-16-43;3951.57;12562.61
2023-03-20-16-44;3951.57;12562.61
2023-03-20-16-45;3951.57;12562.61
2023-03-20-16-46;3951.57;12562.61
2023-03-20-16-47;3951.57;12562.61
2023-03-20-16-48;3951.57;12562.61
2023-03-20-16-49;3951.57;12562.61
2023-03-20-16-50;3951.57;12562.61
2023-03-20-16-51;3951.57;12562.61
2023-03-20-16-52;3951.57;12562.61
2023-03-20-16-53;3951.57;12562.61
2023-03-20-16-54;3951.57;12562.61
2023-03-20-16-55;3951.57;12562.61
2023-03-20-16-56;3951.57;12562.61
2023-03-20-16-57;3951.57;12562.61
2023-03-20-16-58;3951.57;12562.61
2023-03-20-16-59;3951.57;12562.61
2023-03-21-09-00;3951.57;12562.61
2023-03-21-09-01;3951.57;12562.61
2023-03-21-09-02;3951.57;12562.61
2023-03-21-09-03;3951.57;12562.61
2023-03-21-09-04;3951.57;12562.61
2023-03-21-09-05;3951.57;12562.61
2023-03-21-09-06;3951.57;12562.61
2023-03-21-09-07;3951.57;12562.61
2023-03-21-09-08;3951.57;12562.61
2023-03-21-09-09;3951.57;12562.61
2023-03-21-09-10;3951.57;12562.61
2023-03-21-09-11;3951.57;12562.61
2023-03-21-09-12;3951.57;12562.61
2023-03-21-09-13;3951.57;12562.61
2023-03-21-09-14;3951.57;12562.61
2023-03-21-09-15;3951.57;12562.61
2023-03-21-09-16;3951.57;12562.61
2023-03-21-09-17;3951.57;12562.61
2023-03-21-09-18;3951.57;12562.61
2023-03-21-09-19;3951.57;12562.61
2023-03-21-09-20;3951.57;12562.61
2023-03-21-09-21;3951.57;12562.61
2023-03-21-09-22;3951.57;12562.61
2023-03-21-09-23;3951.57;12562.61
2023-03-21-09-24;3951.57;12562.61
2023-03-21-09-25;3951.57;12562.61
2023-03-21-09-26;3951.57;12562.61
2023-03-21-09-27;3951.57;12562.61
2023-03-21-09-28;3951.57;12562.61
2023-03-21-09-29;3951.57;12562.61
2023-03-21-09-30;3984.95;12562.61
2023-03-21-09-31;3990.44;12659.59
2023-03-21-09-32;3993.58;12675.86
2023-03-21-09-33;3993.95;12668.18
2023-03-21-09-34;3994.06;12672.06
2023-03-21-09-35;3995.61;12682.03
2023-03-21-09-36;3992.13;12674.29
2023-03-21-09-37;3992.90;12672.31
2023-03-21-09-38;3992.27;12666.61
2023-03-21-09-39;3991.27;12659.06
2023-03-21-09-40;3991.84;12660.31
2023-03-21-09-41;3990.92;12657.10
2023-03-21-09-42;3990.09;12660.15
2023-03-21-09-43;3992.75;12672.90
2023-03-21-09-44;3991.59;12664.27
2023-03-21-09-45;3990.54;12659.46
2023-03-21-09-46;3992.85;12663.71
2023-03-21-09-47;3992.96;12664.82
2023-03-21-09-48;3990.90;12658.13
2023-03-21-09-49;3988.12;12643.88
2023-03-21-09-50;3989.97;12655.51
2023-03-21-09-51;3990.15;12661.29
2023-03-21-09-52;3988.99;12652.20
2023-03-21-09-53;3990.04;12660.94
2023-03-21-09-54;3989.21;12661.88
2023-03-21-09-55;3991.33;12669.58
2023-03-21-09-56;3992.26;12672.38
2023-03-21-09-57;3992.38;12671.23
2023-03-21-09-58;3992.68;12673.97
2023-03-21-09-59;3993.89;12682.31
2023-03-21-10-00;3996.02;12691.39
2023-03-21-10-01;3996.41;12693.21
2023-03-21-10-02;3997.17;12699.93
2023-03-21-10-03;3994.31;12687.67
2023-03-21-10-04;3993.94;12684.60
2023-03-21-10-05;3990.56;12673.31
2023-03-21-10-06;3988.04;12659.91
2023-03-21-10-07;3985.87;12647.07
2023-03-21-10-08;3987.68;12655.09
2023-03-21-10-09;3987.30;12655.46
2023-03-21-10-10;3987.78;12664.14
2023-03-21-10-11;3991.83;12672.75
2023-03-21-10-12;3990.68;12672.16
2023-03-21-10-13;3988.24;12660.11
2023-03-21-10-14;3988.52;12660.95
2023-03-21-10-15;3985.76;12647.45
2023-03-21-10-16;3983.30;12636.63
2023-03-21-10-17;3983.74;12641.27
2023-03-21-10-18;3984.87;12645.28
2023-03-21-10-19;3983.02;12638.92
2023-03-21-10-20;3983.41;12642.06
2023-03-21-10-21;3983.08;12641.46
2023-03-21-10-22;3983.31;12643.07
2023-03-21-10-23;3982.60;12638.95
2023-03-21-10-24;3980.15;12627.72
2023-03-21-10-25;3978.39;12619.25
2023-03-21-10-26;3977.39;12613.01
2023-03-21-10-27;3978.10;12613.92
2023-03-21-10-28;3977.24;12614.29
2023-03-21-10-29;3980.11;12618.86
2023-03-21-10-30;3979.60;12618.86
2023-03-21-10-31;3980.33;12623.86
2023-03-21-10-32;3980.70;12623.89
2023-03-21-10-33;3981.12;12625.11
2023-03-21-10-34;3979.83;12619.15
2023-03-21-10-35;3978.46;12614.09
2023-03-21-10-36;3976.72;12611.39
2023-03-21-10-37;3976.38;12610.80
2023-03-21-10-38;3978.49;12620.66
2023-03-21-10-39;3979.93;12624.70
2023-03-21-10-40;3981.11;12625.74
2023-03-21-10-41;3981.78;12628.97
2023-03-21-10-42;3981.32;12624.57
2023-03-21-10-43;3979.11;12615.37
2023-03-21-10-44;3979.02;12616.95
2023-03-21-10-45;3980.37;12619.76
2023-03-21-10-46;3982.98;12628.37
2023-03-21-10-47;3983.93;12628.76
2023-03-21-10-48;3983.85;12626.61
2023-03-21-10-49;3984.45;12626.74
2023-03-21-10-50;3984.57;12628.87
2023-03-21-10-51;3982.44;12621.06
2023-03-21-10-52;3979.69;12602.36
2023-03-21-10-53;3978.57;12600.13
2023-03-21-10-54;3977.45;12597.78
2023-03-21-10-55;3976.33;12592.03
2023-03-21-10-56;3977.23;12599.73
2023-03-21-10-57;3977.26;12599.37
2023-03-21-10-58;3976.78;12596.60
2023-03-21-10-59;3975.71;12593.13
2023-03-21-11-00;3977.68;12599.49
2023-03-21-11-01;3978.47;12602.70
2023-03-21-11-02;3979.16;12606.38
2023-03-21-11-03;3979.64;12607.52
2023-03-21-11-04;3978.80;12603.76
2023-03-21-11-05;3978.21;12601.56
2023-03-21-11-06;3979.73;12604.85
2023-03-21-11-07;3978.20;12598.54
2023-03-21-11-08;3979.95;12604.71
2023-03-21-11-09;3980.64;12611.03
2023-03-21-11-10;3981.54;12617.09
2023-03-21-11-11;3981.73;12616.62
2023-03-21-11-12;3983.55;12622.48
2023-03-21-11-13;3984.39;12627.10
2023-03-21-11-14;3984.63;12630.55
2023-03-21-11-15;3986.68;12638.26
2023-03-21-11-16;3986.83;12639.70
2023-03-21-11-17;3987.40;12643.86
2023-03-21-11-18;3987.17;12640.78
2023-03-21-11-19;3985.98;12637.39
2023-03-21-11-20;3987.63;12643.79
2023-03-21-11-21;3987.46;12639.73
2023-03-21-11-22;3986.14;12633.59
2023-03-21-11-23;3986.66;12633.59
2023-03-21-11-24;3986.69;12631.81
2023-03-21-11-25;3987.13;12633.86
2023-03-21-11-26;3986.91;12634.38
2023-03-21-11-27;3983.55;12623.32
2023-03-21-11-28;3985.57;12633.08
2023-03-21-11-29;3984.63;12629.61
2023-03-21-11-30;3984.20;12625.82
2023-03-21-11-31;3985.25;12628.27
2023-03-21-11-32;3985.32;12629.00
2023-03-21-11-33;3987.34;12635.80
2023-03-21-11-34;3986.79;12635.29
2023-03-21-11-35;3985.48;12630.35
2023-03-21-11-36;3984.73;12627.52
2023-03-21-11-37;3982.92;12619.45
2023-03-21-11-38;3984.84;12626.33
2023-03-21-11-39;3981.65;12618.82
2023-03-21-11-40;3978.89;12608.00
2023-03-21-11-41;3977.67;12605.88
2023-03-21-11-42;3975.66;12597.95
2023-03-21-11-43;3977.12;12602.16
2023-03-21-11-44;3977.79;12604.12
2023-03-21-11-45;3974.53;12594.70
2023-03-21-11-46;3974.82;12595.44
2023-03-21-11-47;3972.43;12585.94
2023-03-21-11-48;3974.30;12592.70
2023-03-21-11-49;3974.20;12592.10
2023-03-21-11-50;3975.40;12597.36
2023-03-21-11-51;3976.96;12605.06
2023-03-21-11-52;3976.40;12604.84
2023-03-21-11-53;3974.81;12604.69
2023-03-21-11-54;3975.48;12604.98
2023-03-21-11-55;3976.50;12610.15
2023-03-21-11-56;3976.27;12610.34
2023-03-21-11-57;3975.63;12607.77
2023-03-21-11-58;3975.01;12606.65
2023-03-21-11-59;3974.74;12604.03
2023-03-21-12-00;3973.87;12599.16
2023-03-21-12-01;3975.13;12605.77
2023-03-21-12-02;3972.41;12598.81
2023-03-21-12-03;3974.06;12604.61
2023-03-21-12-04;3975.00;12609.11
2023-03-21-12-05;3973.16;12600.31
2023-03-21-12-06;3975.52;12609.73
2023-03-21-12-07;3975.95;12613.38
2023-03-21-12-08;3975.13;12613.98
2023-03-21-12-09;3976.52;12618.65
2023-03-21-12-10;3976.20;12618.00
2023-03-21-12-11;3977.42;12622.44
2023-03-21-12-12;3979.33;12627.69
2023-03-21-12-13;3979.07;12629.10
2023-03-21-12-14;3979.03;12629.79
2023-03-21-12-15;3978.01;12625.96
2023-03-21-12-16;3978.47;12627.11
2023-03-21-12-17;3979.49;12629.46
2023-03-21-12-18;3979.18;12626.09
2023-03-21-12-19;3977.33;12619.83
2023-03-21-12-20;3978.03;12625.97
2023-03-21-12-21;3978.18;12627.96
2023-03-21-12-22;3978.86;12630.86
2023-03-21-12-23;3978.52;12630.19
2023-03-21-12-24;3979.44;12631.94
2023-03-21-12-25;3978.63;12629.85
2023-03-21-12-26;3978.91;12628.15
2023-03-21-12-27;3981.47;12637.62
2023-03-21-12-28;3980.79;12635.50
2023-03-21-12-29;3981.08;12636.41
2023-03-21-12-30;3980.57;12636.04
2023-03-21-12-31;3981.69;12640.31
2023-03-21-12-32;3982.65;12645.69
2023-03-21-12-33;3983.18;12650.36
2023-03-21-12-34;3983.15;12650.86
2023-03-21-12-35;3982.20;12648.06
2023-03-21-12-36;3980.86;12642.97
2023-03-21-12-37;3981.97;12648.47
2023-03-21-12-38;3981.68;12648.29
2023-03-21-12-39;3980.94;12644.78
2023-03-21-12-40;3979.12;12640.35
2023-03-21-12-41;3979.52;12640.85
2023-03-21-12-42;3979.33;12640.86
2023-03-21-12-43;3979.24;12639.39
2023-03-21-12-44;3978.86;12637.82
2023-03-21-12-45;3978.03;12633.93
2023-03-21-12-46;3977.01;12628.77
2023-03-21-12-47;3976.74;12628.38
2023-03-21-12-48;3978.93;12635.94
2023-03-21-12-49;3978.91;12636.12
2023-03-21-12-50;3978.57;12635.31
2023-03-21-12-51;3979.55;12637.66
2023-03-21-12-52;3980.42;12641.78
2023-03-21-12-53;3980.55;12644.84
2023-03-21-12-54;3981.66;12648.92
2023-03-21-12-55;3979.89;12642.43
2023-03-21-12-56;3980.67;12647.28
2023-03-21-12-57;3980.70;12647.70
2023-03-21-12-58;3981.73;12652.74
2023-03-21-12-59;3981.53;12654.00
2023-03-21-13-00;3979.72;12649.84
2023-03-21-13-01;3978.91;12648.24
2023-03-21-13-02;3977.73;12643.00
2023-03-21-13-03;3978.95;12647.03
2023-03-21-13-04;3977.86;12641.61
2023-03-21-13-05;3978.36;12644.47
2023-03-21-13-06;3977.49;12642.83
2023-03-21-13-07;3977.95;12643.13
2023-03-21-13-08;3979.43;12650.20
2023-03-21-13-09;3979.39;12649.71
2023-03-21-13-10;3979.83;12650.12
2023-03-21-13-11;3982.82;12660.19
2023-03-21-13-12;3981.88;12656.87
2023-03-21-13-13;3982.06;12660.30
2023-03-21-13-14;3982.77;12661.67
2023-03-21-13-15;3982.20;12660.34
2023-03-21-13-16;3982.65;12662.27
2023-03-21-13-17;3982.97;12661.36
2023-03-21-13-18;3982.08;12658.07
2023-03-21-13-19;3983.28;12663.78
2023-03-21-13-20;3983.50;12665.42
2023-03-21-13-21;3983.51;12666.59
2023-03-21-13-22;3983.00;12665.71
2023-03-21-13-23;3982.95;12666.06
2023-03-21-13-24;3982.41;12661.23
2023-03-21-13-25;3982.38;12658.91
2023-03-21-13-26;3982.49;12660.94
2023-03-21-13-27;3983.23;12664.23
2023-03-21-13-28;3983.16;12665.81
2023-03-21-13-29;3984.95;12674.76
2023-03-21-13-30;3984.89;12673.40
2023-03-21-13-31;3986.26;12678.73
2023-03-21-13-32;3986.45;12678.26
2023-03-21-13-33;3986.83;12680.77
2023-03-21-13-34;3987.34;12681.98
2023-03-21-13-35;3987.57;12680.16
2023-03-21-13-36;3987.52;12680.93
2023-03-21-13-37;3988.46;12685.30
2023-03-21-13-38;3988.41;12685.15
2023-03-21-13-39;3987.36;12679.25
2023-03-21-13-40;3986.74;12676.14
2023-03-21-13-41;3986.74;12678.50
2023-03-21-13-42;3985.42;12674.08
2023-03-21-13-43;3986.44;12675.38
2023-03-21-13-44;3987.05;12677.59
2023-03-21-13-45;3986.44;12675.19
2023-03-21-13-46;3986.64;12676.72
2023-03-21-13-47;3987.03;12677.24
2023-03-21-13-48;3986.51;12676.39
2023-03-21-13-49;3985.69;12672.56
2023-03-21-13-50;3985.14;12671.36
2023-03-21-13-51;3983.73;12667.92
2023-03-21-13-52;3984.55;12671.38
2023-03-21-13-53;3983.27;12667.98
2023-03-21-13-54;3982.98;12666.84
2023-03-21-13-55;3982.94;12671.31
2023-03-21-13-56;3982.70;12668.68
2023-03-21-13-57;3981.82;12667.83
2023-03-21-13-58;3978.81;12657.80
2023-03-21-13-59;3978.83;12656.99
2023-03-21-14-00;3978.28;12653.24
2023-03-21-14-01;3978.43;12653.59
2023-03-21-14-02;3978.98;12654.30
2023-03-21-14-03;3978.34;12652.10
2023-03-21-14-04;3978.72;12657.59
2023-03-21-14-05;3980.08;12662.86
2023-03-21-14-06;3980.92;12666.30
2023-03-21-14-07;3979.56;12663.55
2023-03-21-14-08;3978.95;12660.20
2023-03-21-14-09;3979.36;12662.84
2023-03-21-14-10;3979.63;12664.62
2023-03-21-14-11;3980.13;12666.89
2023-03-21-14-12;3979.92;12665.50
2023-03-21-14-13;3979.44;12664.48
2023-03-21-14-14;3980.60;12667.34
2023-03-21-14-15;3980.43;12665.46
2023-03-21-14-16;3980.32;12664.25
2023-03-21-14-17;3982.43;12670.54
2023-03-21-14-18;3982.29;12669.83
2023-03-21-14-19;3981.64;12666.65
2023-03-21-14-20;3981.53;12665.43
2023-03-21-14-21;3981.76;12663.01
2023-03-21-14-22;3982.22;12663.25
2023-03-21-14-23;3982.41;12665.46
2023-03-21-14-24;3983.51;12669.44
2023-03-21-14-25;3983.39;12669.49
2023-03-21-14-26;3983.79;12670.02
2023-03-21-14-27;3984.91;12672.31
2023-03-21-14-28;3985.63;12675.92
2023-03-21-14-29;3986.53;12678.81
2023-03-21-14-30;3985.94;12677.35
2023-03-21-14-31;3986.26;12679.24
2023-03-21-14-32;3985.80;12678.33
2023-03-21-14-33;3986.08;12677.01
2023-03-21-14-34;3986.91;12681.14
2023-03-21-14-35;3986.79;12683.50
2023-03-21-14-36;3986.83;12684.53
2023-03-21-14-37;3986.67;12683.74
2023-03-21-14-38;3987.16;12686.23
2023-03-21-14-39;3985.45;12680.83
2023-03-21-14-40;3984.94;12679.59
2023-03-21-14-41;3984.91;12678.68
2023-03-21-14-42;3986.06;12682.80
2023-03-21-14-43;3987.04;12685.56
2023-03-21-14-44;3986.84;12684.28
2023-03-21-14-45;3987.90;12686.69
2023-03-21-14-46;3989.44;12691.33
2023-03-21-14-47;3989.40;12691.90
2023-03-21-14-48;3988.94;12692.21
2023-03-21-14-49;3989.50;12694.53
2023-03-21-14-50;3989.82;12697.90
2023-03-21-14-51;3989.55;12698.85
2023-03-21-14-52;3989.81;12698.82
2023-03-21-14-53;3988.03;12693.16
2023-03-21-14-54;3988.05;12693.49
2023-03-21-14-55;3989.24;12698.15
2023-03-21-14-56;3989.93;12700.13
2023-03-21-14-57;3991.56;12704.92
2023-03-21-14-58;3992.91;12709.27
2023-03-21-14-59;3993.29;12711.88
2023-03-21-15-00;3991.62;12706.30
2023-03-21-15-01;3993.28;12712.48
2023-03-21-15-02;3994.99;12715.25
2023-03-21-15-03;3995.03;12715.50
2023-03-21-15-04;3995.21;12716.52
2023-03-21-15-05;3995.34;12715.70
2023-03-21-15-06;3995.25;12715.68
2023-03-21-15-07;3994.24;12712.12
2023-03-21-15-08;3995.19;12716.85
2023-03-21-15-09;3995.45;12718.48
2023-03-21-15-10;3995.53;12718.63
2023-03-21-15-11;3995.27;12718.10
2023-03-21-15-12;3995.64;12717.97
2023-03-21-15-13;3998.52;12729.36
2023-03-21-15-14;3998.05;12724.44
2023-03-21-15-15;3996.84;12722.81
2023-03-21-15-16;3995.93;12717.05
2023-03-21-15-17;3996.90;12719.41
2023-03-21-15-18;3997.35;12720.69
2023-03-21-15-19;3998.25;12726.35
2023-03-21-15-20;3998.86;12727.05
2023-03-21-15-21;3999.26;12728.41
2023-03-21-15-22;3999.30;12730.00
2023-03-21-15-23;3999.43;12729.21
2023-03-21-15-24;3998.32;12724.31
2023-03-21-15-25;3997.53;12721.89
2023-03-21-15-26;3995.43;12714.28
2023-03-21-15-27;3995.49;12716.28
2023-03-21-15-28;3996.42;12720.47
2023-03-21-15-29;3997.45;12725.95
2023-03-21-15-30;3997.84;12727.53
2023-03-21-15-31;3998.26;12727.18
2023-03-21-15-32;3998.53;12728.62
2023-03-21-15-33;3998.24;12726.11
2023-03-21-15-34;3997.49;12724.13
2023-03-21-15-35;3996.09;12719.44
2023-03-21-15-36;3996.44;12723.45
2023-03-21-15-37;3998.81;12730.94
2023-03-21-15-38;3999.08;12730.81
2023-03-21-15-39;4000.97;12737.87
2023-03-21-15-40;4003.88;12747.24
2023-03-21-15-41;4006.96;12757.34
2023-03-21-15-42;4004.99;12749.56
2023-03-21-15-43;4004.92;12751.53
2023-03-21-15-44;4007.10;12756.79
2023-03-21-15-45;4008.39;12759.20
2023-03-21-15-46;4007.55;12756.02
2023-03-21-15-47;4007.64;12757.97
2023-03-21-15-48;4008.26;12760.08
2023-03-21-15-49;4006.31;12755.75
2023-03-21-15-50;4005.23;12748.51
2023-03-21-15-51;4004.53;12749.54
2023-03-21-15-52;4004.65;12749.54
2023-03-21-15-53;4006.86;12757.94
2023-03-21-15-54;4006.16;12752.83
2023-03-21-15-55;4005.10;12747.47
2023-03-21-15-56;4004.09;12742.81
2023-03-21-15-57;4003.79;12741.41
2023-03-21-15-58;4002.22;12735.06
2023-03-21-15-59;4001.32;12732.95
2023-03-21-16-00;4003.46;12741.44
2023-03-21-16-01;4003.16;12741.44
2023-03-21-16-02;4003.16;12741.44
2023-03-21-16-03;4003.16;12741.44
2023-03-21-16-04;4002.93;12741.44
2023-03-21-16-05;4002.88;12741.44
2023-03-21-16-06;4002.87;12741.44
2023-03-21-16-07;4002.87;12741.44
2023-03-21-16-08;4002.87;12741.44
2023-03-21-16-09;4002.87;12741.44
2023-03-21-16-10;4002.87;12741.44
2023-03-21-16-11;4002.87;12741.44
2023-03-21-16-12;4002.87;12741.44
2023-03-21-16-13;4002.87;12741.44
2023-03-21-16-14;4002.87;12741.44
2023-03-21-16-15;4002.87;12741.44
2023-03-21-16-16;4002.87;12741.44
2023-03-21-16-17;4002.87;12741.44
2023-03-21-16-18;4002.87;12741.44
2023-03-21-16-19;4002.87;12741.44
2023-03-21-16-20;4002.87;12741.44
2023-03-21-16-21;4002.87;12741.44
2023-03-21-16-22;4002.87;12741.44
2023-03-21-16-23;4002.87;12741.44
2023-03-21-16-24;4002.87;12741.44
2023-03-21-16-25;4002.87;12741.44
2023-03-21-16-26;4002.87;12741.44
2023-03-21-16-27;4002.87;12741.44
2023-03-21-16-28;4002.87;12741.44
2023-03-21-16-29;4002.87;12741.44
2023-03-21-16-30;4002.87;12741.44
2023-03-21-16-31;4002.87;12741.44
2023-03-21-16-32;4002.87;12741.44
2023-03-21-16-33;4002.87;12741.44
2023-03-21-16-34;4002.87;12741.44
2023-03-21-16-35;4002.87;12741.44
2023-03-21-16-36;4002.87;12741.44
2023-03-21-16-37;4002.87;12741.44
2023-03-21-16-38;4002.87;12741.44
2023-03-21-16-39;4002.87;12741.44
2023-03-21-16-40;4002.87;12741.44
2023-03-21-16-41;4002.87;12741.44
2023-03-21-16-42;4002.87;12741.44
2023-03-21-16-43;4002.87;12741.44
2023-03-21-16-44;4002.87;12741.44
2023-03-21-16-45;4002.87;12741.44
2023-03-21-16-46;4002.87;12741.44
2023-03-21-16-47;4002.87;12741.44
2023-03-21-16-48;4002.87;12741.44
2023-03-21-16-49;4002.87;12741.44
2023-03-21-16-50;4002.87;12741.44
2023-03-21-16-51;4002.87;12741.44
2023-03-21-16-52;4002.87;12741.44
2023-03-21-16-53;4002.87;12741.44
2023-03-21-16-54;4002.87;12741.44
2023-03-21-16-55;4002.87;12741.44
2023-03-21-16-56;4002.87;12741.44
2023-03-21-16-57;4002.87;12741.44
2023-03-21-16-58;4002.87;12741.44
2023-03-21-16-59;4002.87;12741.44
2023-03-22-09-00;4002.87;12741.44
2023-03-22-09-01;4002.87;12741.44
2023-03-22-09-02;4002.87;12741.44
2023-03-22-09-03;4002.87;12741.44
2023-03-22-09-04;4002.87;12741.44
2023-03-22-09-05;4002.87;12741.44
2023-03-22-09-06;4002.87;12741.44
2023-03-22-09-07;4002.87;12741.44
2023-03-22-09-08;4002.87;12741.44
2023-03-22-09-09;4002.87;12741.44
2023-03-22-09-10;4002.87;12741.44
2023-03-22-09-11;4002.87;12741.44
2023-03-22-09-12;4002.87;12741.44
2023-03-22-09-13;4002.87;12741.44
2023-03-22-09-14;4002.87;12741.44
2023-03-22-09-15;4002.87;12741.44
2023-03-22-09-16;4002.87;12741.44
2023-03-22-09-17;4002.87;12741.44
2023-03-22-09-18;4002.87;12741.44
2023-03-22-09-19;4002.87;12741.44
2023-03-22-09-20;4002.87;12741.44
2023-03-22-09-21;4002.87;12741.44
2023-03-22-09-22;4002.87;12741.44
2023-03-22-09-23;4002.87;12741.44
2023-03-22-09-24;4002.87;12741.44
2023-03-22-09-25;4002.87;12741.44
2023-03-22-09-26;4002.87;12741.44
2023-03-22-09-27;4002.87;12741.44
2023-03-22-09-28;4002.87;12741.44
2023-03-22-09-29;4002.87;12741.44
2023-03-22-09-30;4003.11;12741.44
2023-03-22-09-31;4002.23;12737.87
2023-03-22-09-32;3999.05;12730.70
2023-03-22-09-33;3998.79;12731.80
2023-03-22-09-34;3996.84;12723.81
2023-03-22-09-35;3998.34;12731.61
2023-03-22-09-36;3997.67;12729.22
2023-03-22-09-37;3999.89;12737.00
2023-03-22-09-38;4001.85;12744.69
2023-03-22-09-39;4000.72;12741.17
2023-03-22-09-40;4000.69;12747.31
2023-03-22-09-41;3998.61;12741.97
2023-03-22-09-42;3997.75;12735.59
2023-03-22-09-43;3996.74;12731.04
2023-03-22-09-44;3997.84;12737.63
2023-03-22-09-45;3996.95;12736.97
2023-03-22-09-46;3997.27;12732.43
2023-03-22-09-47;3996.91;12735.67
2023-03-22-09-48;3997.33;12738.43
2023-03-22-09-49;3998.48;12745.90
2023-03-22-09-50;3999.06;12746.72
2023-03-22-09-51;4001.31;12754.20
2023-03-22-09-52;4000.72;12753.96
2023-03-22-09-53;3999.52;12749.59
2023-03-22-09-54;3998.67;12750.65
2023-03-22-09-55;3999.72;12753.95
2023-03-22-09-56;3998.90;12747.42
2023-03-22-09-57;3999.84;12750.35
2023-03-22-09-58;4000.35;12751.02
2023-03-22-09-59;4000.61;12749.42
2023-03-22-10-00;4000.71;12750.14
2023-03-22-10-01;4001.94;12760.43
2023-03-22-10-02;4001.13;12752.10
2023-03-22-10-03;4000.62;12749.08
2023-03-22-10-04;4001.19;12752.67
2023-03-22-10-05;4000.93;12749.86
2023-03-22-10-06;4000.70;12745.94
2023-03-22-10-07;4000.75;12747.40
2023-03-22-10-08;4002.20;12753.97
2023-03-22-10-09;4002.35;12753.60
2023-03-22-10-10;4001.61;12744.98
2023-03-22-10-11;4002.32;12748.59
2023-03-22-10-12;4000.81;12743.78
2023-03-22-10-13;3999.64;12742.72
2023-03-22-10-14;3999.29;12737.26
2023-03-22-10-15;3999.33;12737.46
2023-03-22-10-16;4001.42;12743.50
2023-03-22-10-17;4001.85;12745.76
2023-03-22-10-18;4002.36;12749.26
2023-03-22-10-19;4002.75;12748.13
2023-03-22-10-20;4003.49;12751.97
2023-03-22-10-21;4006.14;12764.01
2023-03-22-10-22;4006.10;12761.78
2023-03-22-10-23;4006.79;12768.08
2023-03-22-10-24;4006.31;12771.00
2023-03-22-10-25;4006.63;12769.35
2023-03-22-10-26;4006.75;12770.92
2023-03-22-10-27;4006.87;12772.60
2023-03-22-10-28;4007.45;12776.05
2023-03-22-10-29;4012.33;12797.13
2023-03-22-10-30;4013.29;12800.41
2023-03-22-10-31;4013.18;12798.84
2023-03-22-10-32;4013.37;12798.70
2023-03-22-10-33;4011.76;12793.00
2023-03-22-10-34;4011.51;12794.16
2023-03-22-10-35;4012.01;12794.59
2023-03-22-10-36;4010.25;12784.58
2023-03-22-10-37;4011.02;12786.90
2023-03-22-10-38;4010.34;12783.77
2023-03-22-10-39;4010.51;12785.69
2023-03-22-10-40;4010.68;12787.39
2023-03-22-10-41;4010.03;12785.14
2023-03-22-10-42;4010.62;12786.85
2023-03-22-10-43;4010.88;12786.50
2023-03-22-10-44;4011.13;12786.56
2023-03-22-10-45;4011.24;12786.64
2023-03-22-10-46;4011.99;12788.91
2023-03-22-10-47;4010.82;12783.73
2023-03-22-10-48;4010.45;12782.81
2023-03-22-10-49;4009.29;12781.26
2023-03-22-10-50;4009.11;12778.03
2023-03-22-10-51;4009.74;12781.15
2023-03-22-10-52;4008.48;12777.39
2023-03-22-10-53;4008.14;12776.21
2023-03-22-10-54;4008.07;12778.23
2023-03-22-10-55;4009.20;12783.58
2023-03-22-10-56;4008.63;12782.10
2023-03-22-10-57;4008.62;12780.15
2023-03-22-10-58;4007.74;12780.54
2023-03-22-10-59;4008.07;12780.13
2023-03-22-11-00;4007.94;12780.38
2023-03-22-11-01;4007.33;12775.69
2023-03-22-11-02;4007.25;12776.75
2023-03-22-11-03;4007.37;12777.23
2023-03-22-11-04;4006.86;12777.72
2023-03-22-11-05;4005.99;12776.50
2023-03-22-11-06;4006.47;12777.43
2023-03-22-11-07;4006.52;12777.93
2023-03-22-11-08;4006.25;12780.02
2023-03-22-11-09;4004.54;12774.38
2023-03-22-11-10;4004.17;12774.51
2023-03-22-11-11;4005.54;12781.54
2023-03-22-11-12;4004.24;12774.24
2023-03-22-11-13;4001.70;12765.10
2023-03-22-11-14;4000.27;12760.02
2023-03-22-11-15;4002.38;12770.01
2023-03-22-11-16;4002.33;12771.65
2023-03-22-11-17;4002.07;12772.87
2023-03-22-11-18;4002.89;12775.28
2023-03-22-11-19;4002.53;12773.93
2023-03-22-11-20;4002.09;12772.56
2023-03-22-11-21;4002.47;12773.46
2023-03-22-11-22;4003.08;12778.76
2023-03-22-11-23;4003.54;12781.22
2023-03-22-11-24;4003.98;12784.13
2023-03-22-11-25;4005.56;12789.10
2023-03-22-11-26;4005.10;12787.54
2023-03-22-11-27;4004.92;12787.81
2023-03-22-11-28;4003.76;12785.16
2023-03-22-11-29;4004.25;12790.59
2023-03-22-11-30;4004.17;12786.97
2023-03-22-11-31;4005.27;12791.98
2023-03-22-11-32;4006.19;12795.56
2023-03-22-11-33;4006.03;12798.90
2023-03-22-11-34;4005.44;12796.24
2023-03-22-11-35;4005.82;12796.62
2023-03-22-11-36;4006.14;12799.94
2023-03-22-11-37;4005.37;12798.65
2023-03-22-11-38;4004.38;12796.60
2023-03-22-11-39;4006.12;12806.33
2023-03-22-11-40;4005.98;12806.10
2023-03-22-11-41;4006.40;12810.66
2023-03-22-11-42;4005.08;12804.67
2023-03-22-11-43;4005.18;12806.54
2023-03-22-11-44;4003.50;12801.43
2023-03-22-11-45;4003.18;12800.02
2023-03-22-11-46;4003.72;12802.51
2023-03-22-11-47;4004.62;12804.39
2023-03-22-11-48;4005.62;12808.58
2023-03-22-11-49;4005.22;12807.53
2023-03-22-11-50;4004.67;12802.34
2023-03-22-11-51;4004.96;12803.53
2023-03-22-11-52;4005.65;12805.23
2023-03-22-11-53;4005.52;12807.76
2023-03-22-11-54;4005.58;12807.77
2023-03-22-11-55;4005.17;12804.59
2023-03-22-11-56;4004.83;12799.66
2023-03-22-11-57;4004.62;12800.10
2023-03-22-11-58;4005.42;12802.86
2023-03-22-11-59;4005.01;12802.12
2023-03-22-12-00;4004.25;12798.74
2023-03-22-12-01;4004.35;12795.85
2023-03-22-12-02;4002.58;12790.69
2023-03-22-12-03;4002.54;12790.74
2023-03-22-12-04;4003.55;12792.11
2023-03-22-12-05;4002.49;12789.06
2023-03-22-12-06;4002.55;12789.56
2023-03-22-12-07;4002.14;12787.93
2023-03-22-12-08;4001.50;12784.16
2023-03-22-12-09;4000.78;12778.00
2023-03-22-12-10;4000.59;12777.29
2023-03-22-12-11;4000.07;12776.04
2023-03-22-12-12;3998.27;12769.01
2023-03-22-12-13;3998.02;12764.12
2023-03-22-12-14;3997.79;12762.10
2023-03-22-12-15;3998.08;12761.36
2023-03-22-12-16;3998.57;12765.13
2023-03-22-12-17;3997.94;12762.69
2023-03-22-12-18;3997.42;12760.59
2023-03-22-12-19;3997.47;12757.98
2023-03-22-12-20;3997.49;12759.01
2023-03-22-12-21;3997.39;12756.79
2023-03-22-12-22;3996.83;12751.66
2023-03-22-12-23;3995.90;12744.12
2023-03-22-12-24;3997.00;12750.33
2023-03-22-12-25;3998.33;12755.03
2023-03-22-12-26;3997.93;12754.17
2023-03-22-12-27;3998.57;12754.13
2023-03-22-12-28;3998.85;12756.46
2023-03-22-12-29;3999.64;12759.15
2023-03-22-12-30;3997.67;12750.70
2023-03-22-12-31;3997.90;12753.69
2023-03-22-12-32;3998.48;12754.60
2023-03-22-12-33;3996.76;12752.27
2023-03-22-12-34;3995.93;12748.62
2023-03-22-12-35;3996.36;12750.38
2023-03-22-12-36;3996.55;12752.54
2023-03-22-12-37;3996.56;12751.84
2023-03-22-12-38;3995.58;12749.24
2023-03-22-12-39;3995.09;12746.88
2023-03-22-12-40;3995.89;12752.27
2023-03-22-12-41;3994.74;12750.65
2023-03-22-12-42;3995.95;12755.32
2023-03-22-12-43;3996.39;12757.66
2023-03-22-12-44;3996.79;12757.21
2023-03-22-12-45;3996.61;12756.61
2023-03-22-12-46;3996.84;12756.59
2023-03-22-12-47;3995.35;12751.20
2023-03-22-12-48;3994.92;12747.82
2023-03-22-12-49;3994.78;12749.60
2023-03-22-12-50;3995.24;12749.84
2023-03-22-12-51;3995.92;12754.11
2023-03-22-12-52;3996.08;12757.48
2023-03-22-12-53;3996.83;12761.55
2023-03-22-12-54;3996.62;12761.78
2023-03-22-12-55;3996.05;12759.73
2023-03-22-12-56;3995.04;12755.78
2023-03-22-12-57;3993.92;12754.44
2023-03-22-12-58;3994.24;12756.08
2023-03-22-12-59;3995.24;12760.08
2023-03-22-13-00;3994.68;12759.12
2023-03-22-13-01;3993.10;12753.53
2023-03-22-13-02;3992.62;12751.75
2023-03-22-13-03;3992.07;12750.02
2023-03-22-13-04;3991.39;12748.26
2023-03-22-13-05;3991.18;12747.91
2023-03-22-13-06;3990.77;12748.32
2023-03-22-13-07;3990.86;12749.18
2023-03-22-13-08;3991.93;12752.76
2023-03-22-13-09;3990.65;12747.78
2023-03-22-13-10;3990.58;12745.31
2023-03-22-13-11;3990.71;12746.51
2023-03-22-13-12;3991.98;12751.91
2023-03-22-13-13;3991.67;12750.92
2023-03-22-13-14;3992.22;12752.07
2023-03-22-13-15;3993.04;12756.24
2023-03-22-13-16;3993.12;12756.36
2023-03-22-13-17;3994.42;12760.65
2023-03-22-13-18;3993.52;12758.26
2023-03-22-13-19;3994.18;12760.36
2023-03-22-13-20;3994.54;12759.11
2023-03-22-13-21;3994.88;12761.62
2023-03-22-13-22;3995.65;12763.32
2023-03-22-13-23;3995.93;12764.19
2023-03-22-13-24;3995.24;12762.96
2023-03-22-13-25;3995.15;12764.46
2023-03-22-13-26;3995.14;12764.00
2023-03-22-13-27;3996.22;12770.02
2023-03-22-13-28;3996.56;12773.50
2023-03-22-13-29;3996.63;12773.26
2023-03-22-13-30;3997.29;12773.83
2023-03-22-13-31;3998.51;12778.23
2023-03-22-13-32;3998.62;12779.08
2023-03-22-13-33;3998.63;12779.09
2023-03-22-13-34;3998.09;12778.92
2023-03-22-13-35;3997.86;12778.26
2023-03-22-13-36;3998.46;12780.60
2023-03-22-13-37;3996.98;12775.65
2023-03-22-13-38;3997.25;12774.75
2023-03-22-13-39;3997.87;12777.59
2023-03-22-13-40;3997.70;12778.51
2023-03-22-13-41;3997.57;12779.10
2023-03-22-13-42;3997.19;12776.76
2023-03-22-13-43;3997.86;12779.47
2023-03-22-13-44;3998.06;12779.27
2023-03-22-13-45;3998.60;12781.15
2023-03-22-13-46;3999.07;12782.20
2023-03-22-13-47;3999.38;12782.71
2023-03-22-13-48;3999.53;12782.31
2023-03-22-13-49;3999.21;12780.74
2023-03-22-13-50;3999.41;12780.53
2023-03-22-13-51;3999.94;12781.50
2023-03-22-13-52;3999.44;12780.59
2023-03-22-13-53;3999.75;12781.88
2023-03-22-13-54;4000.03;12783.13
2023-03-22-13-55;4000.26;12786.16
2023-03-22-13-56;4000.54;12786.20
2023-03-22-13-57;4002.13;12792.95
2023-03-22-13-58;4001.27;12790.35
2023-03-22-13-59;4000.95;12792.59
2023-03-22-14-00;4001.39;12794.89
2023-03-22-14-01;4018.39;12849.46
2023-03-22-14-02;4016.06;12836.50
2023-03-22-14-03;4006.52;12807.25
2023-03-22-14-04;4014.27;12838.71
2023-03-22-14-05;4018.38;12854.43
2023-03-22-14-06;4025.07;12881.91
2023-03-22-14-07;4027.46;12886.52
2023-03-22-14-08;4022.36;12876.34
2023-03-22-14-09;4017.22;12857.52
2023-03-22-14-10;4017.21;12849.09
2023-03-22-14-11;4016.13;12840.76
2023-03-22-14-12;4012.41;12827.64
2023-03-22-14-13;4013.59;12831.12
2023-03-22-14-14;4006.67;12806.27
2023-03-22-14-15;4006.12;12808.10
2023-03-22-14-16;4010.86;12819.46
2023-03-22-14-17;4008.13;12810.91
2023-03-22-14-18;4007.89;12815.97
2023-03-22-14-19;4011.25;12829.93
2023-03-22-14-20;4016.40;12848.13
2023-03-22-14-21;4009.79;12826.78
2023-03-22-14-22;4012.23;12831.89
2023-03-22-14-23;4011.36;12832.10
2023-03-22-14-24;4010.34;12826.53
2023-03-22-14-25;4008.71;12820.29
2023-03-22-14-26;4009.17;12829.06
2023-03-22-14-27;4010.41;12832.73
2023-03-22-14-28;4013.82;12846.34
2023-03-22-14-29;4014.69;12851.47
2023-03-22-14-30;4014.54;12852.95
2023-03-22-14-31;4010.31;12837.41
2023-03-22-14-32;4019.16;12870.20
2023-03-22-14-33;4011.81;12835.95
2023-03-22-14-34;4010.16;12823.75
2023-03-22-14-35;4010.28;12828.90
2023-03-22-14-36;3999.30;12782.39
2023-03-22-14-37;3997.88;12771.16
2023-03-22-14-38;4007.35;12813.57
2023-03-22-14-39;4013.04;12830.54
2023-03-22-14-40;4008.53;12821.14
2023-03-22-14-41;4015.34;12848.90
2023-03-22-14-42;4025.11;12887.48
2023-03-22-14-43;4027.29;12888.71
2023-03-22-14-44;4028.79;12896.31
2023-03-22-14-45;4025.29;12883.76
2023-03-22-14-46;4026.39;12893.77
2023-03-22-14-47;4033.78;12921.92
2023-03-22-14-48;4036.13;12930.12
2023-03-22-14-49;4036.84;12936.71
2023-03-22-14-50;4033.41;12920.88
2023-03-22-14-51;4034.15;12926.84
2023-03-22-14-52;4032.66;12922.45
2023-03-22-14-53;4033.85;12926.68
2023-03-22-14-54;4033.85;12885.92
2023-03-22-14-55;4019.23;12870.12
2023-03-22-14-56;4018.08;12862.77
2023-03-22-14-57;4015.04;12851.70
2023-03-22-14-58;4011.60;12836.39
2023-03-22-14-59;4004.76;12808.92
2023-03-22-15-00;3999.79;12790.03
2023-03-22-15-01;4003.02;12801.96
2023-03-22-15-02;3994.72;12773.02
2023-03-22-15-03;3995.68;12778.92
2023-03-22-15-04;3995.64;12778.12
2023-03-22-15-05;3984.71;12735.49
2023-03-22-15-06;3984.23;12734.18
2023-03-22-15-07;3986.66;12745.85
2023-03-22-15-08;3981.98;12720.78
2023-03-22-15-09;3975.87;12703.92
2023-03-22-15-10;3980.61;12723.16
2023-03-22-15-11;3981.73;12727.34
2023-03-22-15-12;3977.34;12716.34
2023-03-22-15-13;3980.13;12723.11
2023-03-22-15-14;3980.58;12727.49
2023-03-22-15-15;3988.85;12764.23
2023-03-22-15-16;3990.71;12764.25
2023-03-22-15-17;3995.15;12788.19
2023-03-22-15-18;3998.82;12796.75
2023-03-22-15-19;3998.72;12803.37
2023-03-22-15-20;3995.21;12787.75
2023-03-22-15-21;4004.47;12827.00
2023-03-22-15-22;4009.06;12836.13
2023-03-22-15-23;4008.86;12837.82
2023-03-22-15-24;4004.51;12820.69
2023-03-22-15-25;4002.03;12814.97
2023-03-22-15-26;4001.31;12808.37
2023-03-22-15-27;3997.63;12793.50
2023-03-22-15-28;4002.71;12812.73
2023-03-22-15-29;4004.17;12820.22
2023-03-22-15-30;4004.62;12820.20
2023-03-22-15-31;4002.42;12809.40
2023-03-22-15-32;3993.46;12780.49
2023-03-22-15-33;3994.97;12787.74
2023-03-22-15-34;3991.55;12767.92
2023-03-22-15-35;3989.52;12765.51
2023-03-22-15-36;3985.87;12747.05
2023-03-22-15-37;3983.31;12740.20
2023-03-22-15-38;3983.87;12738.35
2023-03-22-15-39;3980.12;12727.95
2023-03-22-15-40;3983.52;12739.14
2023-03-22-15-41;3986.34;12751.18
2023-03-22-15-42;3982.07;12735.50
2023-03-22-15-43;3988.03;12756.17
2023-03-22-15-44;3987.31;12753.64
2023-03-22-15-45;3978.02;12718.80
2023-03-22-15-46;3972.46;12700.33
2023-03-22-15-47;3972.42;12701.43
2023-03-22-15-48;3971.14;12694.50
2023-03-22-15-49;3968.69;12680.82
2023-03-22-15-50;3971.30;12678.61
2023-03-22-15-51;3966.81;12677.58
2023-03-22-15-52;3962.76;12655.33
2023-03-22-15-53;3956.12;12636.87
2023-03-22-15-54;3955.15;12632.45
2023-03-22-15-55;3952.39;12618.50
2023-03-22-15-56;3948.51;12609.78
2023-03-22-15-57;3950.11;12618.11
2023-03-22-15-58;3948.71;12614.37
2023-03-22-15-59;3945.50;12602.39
2023-03-22-16-00;3936.58;12567.15
2023-03-22-16-01;3936.82;12567.15
2023-03-22-16-02;3936.82;12567.15
2023-03-22-16-03;3936.82;12567.15
2023-03-22-16-04;3936.93;12567.15
2023-03-22-16-05;3936.97;12567.15
2023-03-22-16-06;3936.97;12567.15
2023-03-22-16-07;3936.97;12567.15
2023-03-22-16-08;3936.97;12567.15
2023-03-22-16-09;3936.97;12567.15
2023-03-22-16-10;3936.97;12567.15
2023-03-22-16-11;3936.97;12567.15
2023-03-22-16-12;3936.97;12567.15
2023-03-22-16-13;3936.97;12567.15
2023-03-22-16-14;3936.97;12567.15
2023-03-22-16-15;3936.97;12567.15
2023-03-22-16-16;3936.97;12567.15
2023-03-22-16-17;3936.97;12567.15
2023-03-22-16-18;3936.97;12567.15
2023-03-22-16-19;3936.97;12567.15
2023-03-22-16-20;3936.97;12567.15
2023-03-22-16-21;3936.97;12567.15
2023-03-22-16-22;3936.97;12567.15
2023-03-22-16-23;3936.97;12567.15
2023-03-22-16-24;3936.97;12567.15
2023-03-22-16-25;3936.97;12567.15
2023-03-22-16-26;3936.97;12567.15
2023-03-22-16-27;3936.97;12567.15
2023-03-22-16-28;3936.97;12567.15
2023-03-22-16-29;3936.97;12567.15
2023-03-22-16-30;3936.97;12567.15
2023-03-22-16-31;3936.97;12567.15
2023-03-22-16-32;3936.97;12567.15
2023-03-22-16-33;3936.97;12567.15
2023-03-22-16-34;3936.97;12567.15
2023-03-22-16-35;3936.97;12567.15
2023-03-22-16-36;3936.97;12567.15
2023-03-22-16-37;3936.97;12567.15
2023-03-22-16-38;3936.97;12567.15
2023-03-22-16-39;3936.97;12567.15
2023-03-22-16-40;3936.97;12567.15
2023-03-22-16-41;3936.97;12567.15
2023-03-22-16-42;3936.97;12567.15
2023-03-22-16-43;3936.97;12567.15
2023-03-22-16-44;3936.97;12567.15
2023-03-22-16-45;3936.97;12567.15
2023-03-22-16-46;3936.97;12567.15
2023-03-22-16-47;3936.97;12567.15
2023-03-22-16-48;3936.97;12567.15
2023-03-22-16-49;3936.97;12567.15
2023-03-22-16-50;3936.97;12567.15
2023-03-22-16-51;3936.97;12567.15
2023-03-22-16-52;3936.97;12567.15
2023-03-22-16-53;3936.97;12567.15
2023-03-22-16-54;3936.97;12567.15
2023-03-22-16-55;3936.97;12567.15
2023-03-22-16-56;3936.97;12567.15
2023-03-22-16-57;3936.97;12567.15
2023-03-22-16-58;3936.97;12567.15
2023-03-22-16-59;3936.97;12567.15
2023-03-23-09-00;3936.97;12567.15
2023-03-23-09-01;3936.97;12567.15
2023-03-23-09-02;3936.97;12567.15
2023-03-23-09-03;3936.97;12567.15
2023-03-23-09-04;3936.97;12567.15
2023-03-23-09-05;3936.97;12567.15
2023-03-23-09-06;3936.97;12567.15
2023-03-23-09-07;3936.97;12567.15
2023-03-23-09-08;3936.97;12567.15
2023-03-23-09-09;3936.97;12567.15
2023-03-23-09-10;3936.97;12567.15
2023-03-23-09-11;3936.97;12567.15
2023-03-23-09-12;3936.97;12567.15
2023-03-23-09-13;3936.97;12567.15
2023-03-23-09-14;3936.97;12567.15
2023-03-23-09-15;3936.97;12567.15
2023-03-23-09-16;3936.97;12567.15
2023-03-23-09-17;3936.97;12567.15
2023-03-23-09-18;3936.97;12567.15
2023-03-23-09-19;3936.97;12567.15
2023-03-23-09-20;3936.97;12567.15
2023-03-23-09-21;3936.97;12567.15
2023-03-23-09-22;3936.97;12567.15
2023-03-23-09-23;3936.97;12567.15
2023-03-23-09-24;3936.97;12567.15
2023-03-23-09-25;3936.97;12567.15
2023-03-23-09-26;3936.97;12567.15
2023-03-23-09-27;3936.97;12567.15
2023-03-23-09-28;3936.97;12567.15
2023-03-23-09-29;3936.97;12567.15
2023-03-23-09-30;3959.21;12567.15
2023-03-23-09-31;3970.41;12750.41
2023-03-23-09-32;3970.29;12744.06
2023-03-23-09-33;3970.71;12750.53
2023-03-23-09-34;3970.50;12750.89
2023-03-23-09-35;3970.00;12748.11
2023-03-23-09-36;3968.65;12739.31
2023-03-23-09-37;3968.74;12741.22
2023-03-23-09-38;3969.03;12737.18
2023-03-23-09-39;3969.73;12745.12
2023-03-23-09-40;3968.39;12739.06
2023-03-23-09-41;3965.36;12725.67
2023-03-23-09-42;3966.21;12728.43
2023-03-23-09-43;3967.75;12737.26
2023-03-23-09-44;3974.14;12757.71
2023-03-23-09-45;3973.89;12752.35
2023-03-23-09-46;3975.14;12760.67
2023-03-23-09-47;3974.96;12755.20
2023-03-23-09-48;3972.24;12740.21
2023-03-23-09-49;3972.34;12736.86
2023-03-23-09-50;3975.03;12746.13
2023-03-23-09-51;3972.46;12733.53
2023-03-23-09-52;3974.63;12747.25
2023-03-23-09-53;3975.23;12754.36
2023-03-23-09-54;3973.68;12745.32
2023-03-23-09-55;3974.79;12756.69
2023-03-23-09-56;3974.00;12751.41
2023-03-23-09-57;3972.24;12749.76
2023-03-23-09-58;3973.55;12755.28
2023-03-23-09-59;3973.88;12764.16
2023-03-23-10-00;3975.05;12768.24
2023-03-23-10-01;3977.72;12781.41
2023-03-23-10-02;3979.99;12789.52
2023-03-23-10-03;3978.55;12783.13
2023-03-23-10-04;3978.78;12781.55
2023-03-23-10-05;3974.77;12766.14
2023-03-23-10-06;3977.27;12777.42
2023-03-23-10-07;3978.36;12777.16
2023-03-23-10-08;3977.53;12779.67
2023-03-23-10-09;3978.06;12784.14
2023-03-23-10-10;3979.47;12786.30
2023-03-23-10-11;3984.63;12803.97
2023-03-23-10-12;3984.05;12805.81
2023-03-23-10-13;3981.68;12798.28
2023-03-23-10-14;3982.44;12798.74
2023-03-23-10-15;3982.23;12799.11
2023-03-23-10-16;3986.05;12811.91
2023-03-23-10-17;3984.53;12805.50
2023-03-23-10-18;3984.24;12809.08
2023-03-23-10-19;3984.58;12808.71
2023-03-23-10-20;3982.69;12804.20
2023-03-23-10-21;3981.14;12798.92
2023-03-23-10-22;3978.61;12790.53
2023-03-23-10-23;3980.03;12797.97
2023-03-23-10-24;3980.40;12800.66
2023-03-23-10-25;3981.70;12804.38
2023-03-23-10-26;3983.72;12811.66
2023-03-23-10-27;3984.07;12816.25
2023-03-23-10-28;3985.45;12820.83
2023-03-23-10-29;3984.52;12817.77
2023-03-23-10-30;3982.17;12806.08
2023-03-23-10-31;3983.21;12809.61
2023-03-23-10-32;3981.51;12802.19
2023-03-23-10-33;3980.41;12803.08
2023-03-23-10-34;3979.92;12802.17
2023-03-23-10-35;3979.84;12802.36
2023-03-23-10-36;3981.18;12807.61
2023-03-23-10-37;3980.71;12805.16
2023-03-23-10-38;3979.68;12803.52
2023-03-23-10-39;3983.22;12813.73
2023-03-23-10-40;3984.00;12817.55
2023-03-23-10-41;3985.64;12825.73
2023-03-23-10-42;3985.46;12832.82
2023-03-23-10-43;3985.49;12826.97
2023-03-23-10-44;3986.57;12831.32
2023-03-23-10-45;3986.46;12829.59
2023-03-23-10-46;3989.16;12844.24
2023-03-23-10-47;3991.87;12852.38
2023-03-23-10-48;3992.74;12857.55
2023-03-23-10-49;3992.94;12860.97
2023-03-23-10-50;3995.80;12870.47
2023-03-23-10-51;3995.50;12865.37
2023-03-23-10-52;3996.33;12865.03
2023-03-23-10-53;3997.60;12867.03
2023-03-23-10-54;3999.80;12873.65
2023-03-23-10-55;3999.19;12872.95
2023-03-23-10-56;3999.24;12872.12
2023-03-23-10-57;3997.29;12864.42
2023-03-23-10-58;3997.48;12860.96
2023-03-23-10-59;3996.90;12857.91
2023-03-23-11-00;3999.56;12868.84
2023-03-23-11-01;4003.25;12879.36
2023-03-23-11-02;4003.13;12878.26
2023-03-23-11-03;4002.24;12873.89
2023-03-23-11-04;4002.30;12874.72
2023-03-23-11-05;4002.29;12878.00
2023-03-23-11-06;4002.81;12878.83
2023-03-23-11-07;4004.44;12885.84
2023-03-23-11-08;4005.20;12891.10
2023-03-23-11-09;4004.59;12888.06
2023-03-23-11-10;4004.09;12884.70
2023-03-23-11-11;4003.89;12883.91
2023-03-23-11-12;4005.29;12889.36
2023-03-23-11-13;4005.41;12891.51
2023-03-23-11-14;4004.51;12885.90
2023-03-23-11-15;4003.51;12883.61
2023-03-23-11-16;4003.54;12880.79
2023-03-23-11-17;4001.43;12867.96
2023-03-23-11-18;4001.60;12870.09
2023-03-23-11-19;4000.85;12867.72
2023-03-23-11-20;3998.28;12861.80
2023-03-23-11-21;3998.23;12863.32
2023-03-23-11-22;3999.98;12869.01
2023-03-23-11-23;3999.54;12867.86
2023-03-23-11-24;4000.26;12871.92
2023-03-23-11-25;4001.46;12876.81
2023-03-23-11-26;3999.39;12866.74
2023-03-23-11-27;3996.61;12856.69
2023-03-23-11-28;3996.37;12855.02
2023-03-23-11-29;3995.71;12850.98
2023-03-23-11-30;3994.91;12849.44
2023-03-23-11-31;3997.96;12857.98
2023-03-23-11-32;3998.21;12860.27
2023-03-23-11-33;3999.44;12865.14
2023-03-23-11-34;3997.28;12861.75
2023-03-23-11-35;3997.07;12861.75
2023-03-23-11-36;3997.55;12862.15
2023-03-23-11-37;3999.59;12868.23
2023-03-23-11-38;4000.34;12870.44
2023-03-23-11-39;4000.74;12871.05
2023-03-23-11-40;3998.64;12864.22
2023-03-23-11-41;4000.19;12870.50
2023-03-23-11-42;3999.66;12867.38
2023-03-23-11-43;3997.75;12860.11
2023-03-23-11-44;3994.42;12849.12
2023-03-23-11-45;3994.16;12847.34
2023-03-23-11-46;3993.28;12841.38
2023-03-23-11-47;3993.05;12842.84
2023-03-23-11-48;3996.41;12855.34
2023-03-23-11-49;3997.31;12862.32
2023-03-23-11-50;3997.34;12864.51
2023-03-23-11-51;4000.00;12872.25
2023-03-23-11-52;3998.03;12865.45
2023-03-23-11-53;4000.34;12874.17
2023-03-23-11-54;3999.79;12873.69
2023-03-23-11-55;3999.15;12873.92
2023-03-23-11-56;3999.46;12875.00
2023-03-23-11-57;3999.67;12875.26
2023-03-23-11-58;3997.52;12865.61
2023-03-23-11-59;3994.87;12855.58
2023-03-23-12-00;3995.36;12857.88
2023-03-23-12-01;3994.44;12854.72
2023-03-23-12-02;3994.61;12857.19
2023-03-23-12-03;3995.07;12856.98
2023-03-23-12-04;3994.21;12853.01
2023-03-23-12-05;3995.22;12857.89
2023-03-23-12-06;3994.86;12856.57
2023-03-23-12-07;3994.69;12857.51
2023-03-23-12-08;3997.47;12867.41
2023-03-23-12-09;3997.14;12867.32
2023-03-23-12-10;3997.32;12867.41
2023-03-23-12-11;3994.28;12855.42
2023-03-23-12-12;3992.68;12849.24
2023-03-23-12-13;3992.80;12849.90
2023-03-23-12-14;3990.34;12843.63
2023-03-23-12-15;3990.73;12844.52
2023-03-23-12-16;3989.36;12836.55
2023-03-23-12-17;3990.47;12838.66
2023-03-23-12-18;3990.27;12838.48
2023-03-23-12-19;3988.00;12832.88
2023-03-23-12-20;3990.10;12842.89
2023-03-23-12-21;3988.01;12833.85
2023-03-23-12-22;3987.00;12831.83
2023-03-23-12-23;3989.24;12841.11
2023-03-23-12-24;3989.84;12843.94
2023-03-23-12-25;3990.42;12847.36
2023-03-23-12-26;3991.54;12856.24
2023-03-23-12-27;3993.46;12856.87
2023-03-23-12-28;3992.81;12857.44
2023-03-23-12-29;3993.24;12860.84
2023-03-23-12-30;3991.56;12857.57
2023-03-23-12-31;3992.48;12860.90
2023-03-23-12-32;3993.84;12861.68
2023-03-23-12-33;3993.24;12860.35
2023-03-23-12-34;3993.28;12862.30
2023-03-23-12-35;3992.19;12859.35
2023-03-23-12-36;3990.94;12854.02
2023-03-23-12-37;3989.72;12848.29
2023-03-23-12-38;3989.48;12849.19
2023-03-23-12-39;3988.22;12844.42
2023-03-23-12-40;3987.94;12842.19
2023-03-23-12-41;3986.55;12836.19
2023-03-23-12-42;3983.89;12829.99
2023-03-23-12-43;3985.33;12835.09
2023-03-23-12-44;3986.03;12837.77
2023-03-23-12-45;3987.69;12843.37
2023-03-23-12-46;3986.44;12839.74
2023-03-23-12-47;3984.56;12833.01
2023-03-23-12-48;3983.89;12828.05
2023-03-23-12-49;3983.51;12827.22
2023-03-23-12-50;3985.78;12837.17
2023-03-23-12-51;3984.21;12831.75
2023-03-23-12-52;3983.74;12832.50
2023-03-23-12-53;3983.04;12828.82
2023-03-23-12-54;3985.31;12837.31
2023-03-23-12-55;3983.64;12831.65
2023-03-23-12-56;3982.91;12830.67
2023-03-23-12-57;3981.67;12826.20
2023-03-23-12-58;3981.05;12824.32
2023-03-23-12-59;3982.74;12830.54
2023-03-23-13-00;3982.17;12828.13
2023-03-23-13-01;3980.53;12823.05
2023-03-23-13-02;3980.45;12826.09
2023-03-23-13-03;3980.52;12827.27
2023-03-23-13-04;3979.65;12826.33
2023-03-23-13-05;3982.50;12835.74
2023-03-23-13-06;3984.92;12844.88
2023-03-23-13-07;3985.05;12842.90
2023-03-23-13-08;3983.42;12838.89
2023-03-23-13-09;3981.78;12832.13
2023-03-23-13-10;3978.95;12820.54
2023-03-23-13-11;3976.79;12810.76
2023-03-23-13-12;3974.15;12799.74
2023-03-23-13-13;3972.78;12793.95
2023-03-23-13-14;3973.96;12796.43
2023-03-23-13-15;3974.88;12801.62
2023-03-23-13-16;3973.09;12793.13
2023-03-23-13-17;3971.50;12788.83
2023-03-23-13-18;3973.08;12798.43
2023-03-23-13-19;3972.17;12796.13
2023-03-23-13-20;3972.75;12798.32
2023-03-23-13-21;3974.55;12805.58
2023-03-23-13-22;3974.52;12806.11
2023-03-23-13-23;3977.30;12817.61
2023-03-23-13-24;3977.22;12817.79
2023-03-23-13-25;3973.34;12806.06
2023-03-23-13-26;3967.11;12787.37
2023-03-23-13-27;3965.60;12783.32
2023-03-23-13-28;3964.23;12777.69
2023-03-23-13-29;3969.46;12795.75
2023-03-23-13-30;3967.31;12788.81
2023-03-23-13-31;3970.23;12800.36
2023-03-23-13-32;3970.97;12801.34
2023-03-23-13-33;3969.90;12798.60
2023-03-23-13-34;3970.22;12798.88
2023-03-23-13-35;3968.34;12791.22
2023-03-23-13-36;3969.07;12795.94
2023-03-23-13-37;3969.14;12794.40
2023-03-23-13-38;3971.22;12802.56
2023-03-23-13-39;3969.72;12797.48
2023-03-23-13-40;3971.25;12803.07
2023-03-23-13-41;3971.42;12803.56
2023-03-23-13-42;3974.75;12814.41
2023-03-23-13-43;3974.03;12811.64
2023-03-23-13-44;3974.58;12812.77
2023-03-23-13-45;3975.30;12815.23
2023-03-23-13-46;3975.37;12815.09
2023-03-23-13-47;3970.70;12798.34
2023-03-23-13-48;3968.75;12792.71
2023-03-23-13-49;3968.05;12789.42
2023-03-23-13-50;3969.24;12794.88
2023-03-23-13-51;3966.62;12784.63
2023-03-23-13-52;3966.22;12783.76
2023-03-23-13-53;3964.83;12777.68
2023-03-23-13-54;3968.21;12787.00
2023-03-23-13-55;3965.89;12778.55
2023-03-23-13-56;3965.76;12779.64
2023-03-23-13-57;3966.27;12781.62
2023-03-23-13-58;3965.00;12775.23
2023-03-23-13-59;3962.04;12760.96
2023-03-23-14-00;3963.51;12766.60
2023-03-23-14-01;3965.65;12771.53
2023-03-23-14-02;3966.92;12778.73
2023-03-23-14-03;3963.53;12768.01
2023-03-23-14-04;3962.96;12762.47
2023-03-23-14-05;3962.51;12760.77
2023-03-23-14-06;3961.61;12755.20
2023-03-23-14-07;3961.92;12755.86
2023-03-23-14-08;3963.21;12760.60
2023-03-23-14-09;3960.97;12752.30
2023-03-23-14-10;3960.33;12749.00
2023-03-23-14-11;3961.09;12753.57
2023-03-23-14-12;3960.01;12752.48
2023-03-23-14-13;3962.12;12760.00
2023-03-23-14-14;3964.10;12764.40
2023-03-23-14-15;3964.16;12764.01
2023-03-23-14-16;3963.15;12760.22
2023-03-23-14-17;3964.17;12763.05
2023-03-23-14-18;3960.93;12749.64
2023-03-23-14-19;3962.91;12759.96
2023-03-23-14-20;3961.72;12755.74
2023-03-23-14-21;3959.87;12748.45
2023-03-23-14-22;3956.72;12738.73
2023-03-23-14-23;3957.57;12741.18
2023-03-23-14-24;3955.92;12734.90
2023-03-23-14-25;3954.30;12732.18
2023-03-23-14-26;3948.29;12708.85
2023-03-23-14-27;3950.65;12715.60
2023-03-23-14-28;3948.04;12703.41
2023-03-23-14-29;3946.97;12701.35
2023-03-23-14-30;3943.20;12688.28
2023-03-23-14-31;3947.49;12701.56
2023-03-23-14-32;3945.83;12696.80
2023-03-23-14-33;3943.58;12692.16
2023-03-23-14-34;3942.65;12687.24
2023-03-23-14-35;3942.44;12684.24
2023-03-23-14-36;3947.25;12701.91
2023-03-23-14-37;3944.52;12689.49
2023-03-23-14-38;3944.38;12686.54
2023-03-23-14-39;3939.90;12670.99
2023-03-23-14-40;3938.18;12659.58
2023-03-23-14-41;3934.97;12646.25
2023-03-23-14-42;3932.20;12638.30
2023-03-23-14-43;3930.61;12632.01
2023-03-23-14-44;3927.97;12621.45
2023-03-23-14-45;3928.16;12627.21
2023-03-23-14-46;3933.36;12644.30
2023-03-23-14-47;3930.93;12637.70
2023-03-23-14-48;3925.49;12618.96
2023-03-23-14-49;3927.62;12631.18
2023-03-23-14-50;3930.44;12636.26
2023-03-23-14-51;3927.49;12628.06
2023-03-23-14-52;3931.33;12644.52
2023-03-23-14-53;3927.49;12631.71
2023-03-23-14-54;3928.48;12635.24
2023-03-23-14-55;3924.48;12621.16
2023-03-23-14-56;3923.16;12618.95
2023-03-23-14-57;3925.82;12631.81
2023-03-23-14-58;3927.26;12638.10
2023-03-23-14-59;3932.91;12660.17
2023-03-23-15-00;3937.14;12696.99
2023-03-23-15-01;3957.16;12735.09
2023-03-23-15-02;3953.05;12719.73
2023-03-23-15-03;3944.87;12698.31
2023-03-23-15-04;3949.27;12710.18
2023-03-23-15-05;3945.91;12697.99
2023-03-23-15-06;3941.98;12687.11
2023-03-23-15-07;3941.25;12683.05
2023-03-23-15-08;3937.52;12671.06
2023-03-23-15-09;3939.54;12676.60
2023-03-23-15-10;3946.72;12699.76
2023-03-23-15-11;3946.92;12703.02
2023-03-23-15-12;3943.32;12694.62
2023-03-23-15-13;3942.14;12680.65
2023-03-23-15-14;3937.77;12676.33
2023-03-23-15-15;3941.26;12685.28
2023-03-23-15-16;3938.97;12678.64
2023-03-23-15-17;3937.37;12674.52
2023-03-23-15-18;3937.85;12676.57
2023-03-23-15-19;3933.45;12658.77
2023-03-23-15-20;3928.60;12643.09
2023-03-23-15-21;3924.03;12630.19
2023-03-23-15-22;3919.85;12614.34
2023-03-23-15-23;3928.01;12643.46
2023-03-23-15-24;3934.23;12663.79
2023-03-23-15-25;3934.79;12674.43
2023-03-23-15-26;3935.07;12676.26
2023-03-23-15-27;3934.42;12674.63
2023-03-23-15-28;3935.99;12680.13
2023-03-23-15-29;3934.91;12677.58
2023-03-23-15-30;3932.78;12667.50
2023-03-23-15-31;3930.59;12659.91
2023-03-23-15-32;3929.84;12656.35
2023-03-23-15-33;3933.20;12668.45
2023-03-23-15-34;3932.47;12665.43
2023-03-23-15-35;3935.14;12680.52
2023-03-23-15-36;3939.13;12686.37
2023-03-23-15-37;3942.21;12701.27
2023-03-23-15-38;3942.47;12697.58
2023-03-23-15-39;3940.07;12690.77
2023-03-23-15-40;3940.18;12689.56
2023-03-23-15-41;3939.20;12685.16
2023-03-23-15-42;3940.89;12691.15
2023-03-23-15-43;3943.74;12705.86
2023-03-23-15-44;3944.43;12708.63
2023-03-23-15-45;3943.76;12703.73
2023-03-23-15-46;3948.35;12719.68
2023-03-23-15-47;3952.76;12737.31
2023-03-23-15-48;3955.15;12745.33
2023-03-23-15-49;3949.99;12727.95
2023-03-23-15-50;3949.38;12749.19
2023-03-23-15-51;3962.05;12772.17
2023-03-23-15-52;3955.36;12750.87
2023-03-23-15-53;3954.07;12744.70
2023-03-23-15-54;3956.78;12752.49
2023-03-23-15-55;3956.15;12753.55
2023-03-23-15-56;3952.23;12739.45
2023-03-23-15-57;3954.73;12748.31
2023-03-23-15-58;3955.42;12748.75
2023-03-23-15-59;3952.74;12743.72
2023-03-23-16-00;3947.84;12729.23
2023-03-23-16-01;3948.30;12729.23
2023-03-23-16-02;3948.30;12729.23
2023-03-23-16-03;3948.30;12729.23
2023-03-23-16-04;3948.70;12729.23
2023-03-23-16-05;3948.72;12729.23
2023-03-23-16-06;3948.72;12729.23
2023-03-23-16-07;3948.72;12729.23
2023-03-23-16-08;3948.72;12729.23
2023-03-23-16-09;3948.72;12729.23
2023-03-23-16-10;3948.72;12729.23
2023-03-23-16-11;3948.72;12729.23
2023-03-23-16-12;3948.72;12729.23
2023-03-23-16-13;3948.72;12729.23
2023-03-23-16-14;3948.72;12729.23
2023-03-23-16-15;3948.72;12729.23
2023-03-23-16-16;3948.72;12729.23
2023-03-23-16-17;3948.72;12729.23
2023-03-23-16-18;3948.72;12729.23
2023-03-23-16-19;3948.72;12729.23
2023-03-23-16-20;3948.72;12729.23
2023-03-23-16-21;3948.72;12729.23
2023-03-23-16-22;3948.72;12729.23
2023-03-23-16-23;3948.72;12729.23
2023-03-23-16-24;3948.72;12729.23
2023-03-23-16-25;3948.72;12729.23
2023-03-23-16-26;3948.72;12729.23
2023-03-23-16-27;3948.72;12729.23
2023-03-23-16-28;3948.72;12729.23
2023-03-23-16-29;3948.72;12729.23
2023-03-23-16-30;3948.72;12729.23
2023-03-23-16-31;3948.72;12729.23
2023-03-23-16-32;3948.72;12729.23
2023-03-23-16-33;3948.72;12729.23
2023-03-23-16-34;3948.72;12729.23
2023-03-23-16-35;3948.72;12729.23
2023-03-23-16-36;3948.72;12729.23
2023-03-23-16-37;3948.72;12729.23
2023-03-23-16-38;3948.72;12729.23
2023-03-23-16-39;3948.72;12729.23
2023-03-23-16-40;3948.72;12729.23
2023-03-23-16-41;3948.72;12729.23
2023-03-23-16-42;3948.72;12729.23
2023-03-23-16-43;3948.72;12729.23
2023-03-23-16-44;3948.72;12729.23
2023-03-23-16-45;3948.72;12729.23
2023-03-23-16-46;3948.72;12729.23
2023-03-23-16-47;3948.72;12729.23
2023-03-23-16-48;3948.72;12729.23
2023-03-23-16-49;3948.72;12729.23
2023-03-23-16-50;3948.72;12729.23
2023-03-23-16-51;3948.72;12729.23
2023-03-23-16-52;3948.72;12729.23
2023-03-23-16-53;3948.72;12729.23
2023-03-23-16-54;3948.72;12729.23
2023-03-23-16-55;3948.72;12729.23
2023-03-23-16-56;3948.72;12729.23
2023-03-23-16-57;3948.72;12729.23
2023-03-23-16-58;3948.72;12729.23
2023-03-23-16-59;3948.72;12729.23
2023-03-24-09-00;3948.72;12729.23
2023-03-24-09-01;3948.72;12729.23
2023-03-24-09-02;3948.72;12729.23
2023-03-24-09-03;3948.72;12729.23
2023-03-24-09-04;3948.72;12729.23
2023-03-24-09-05;3948.72;12729.23
2023-03-24-09-06;3948.72;12729.23
2023-03-24-09-07;3948.72;12729.23
2023-03-24-09-08;3948.72;12729.23
2023-03-24-09-09;3948.72;12729.23
2023-03-24-09-10;3948.72;12729.23
2023-03-24-09-11;3948.72;12729.23
2023-03-24-09-12;3948.72;12729.23
2023-03-24-09-13;3948.72;12729.23
2023-03-24-09-14;3948.72;12729.23
2023-03-24-09-15;3948.72;12729.23
2023-03-24-09-16;3948.72;12729.23
2023-03-24-09-17;3948.72;12729.23
2023-03-24-09-18;3948.72;12729.23
2023-03-24-09-19;3948.72;12729.23
2023-03-24-09-20;3948.72;12729.23
2023-03-24-09-21;3948.72;12729.23
2023-03-24-09-22;3948.72;12729.23
2023-03-24-09-23;3948.72;12729.23
2023-03-24-09-24;3948.72;12729.23
2023-03-24-09-25;3948.72;12729.23
2023-03-24-09-26;3948.72;12729.23
2023-03-24-09-27;3948.72;12729.23
2023-03-24-09-28;3948.72;12729.23
2023-03-24-09-29;3948.72;12729.23
2023-03-24-09-30;3939.21;12729.23
2023-03-24-09-31;3931.45;12701.64
2023-03-24-09-32;3928.61;12698.75
2023-03-24-09-33;3926.20;12678.22
2023-03-24-09-34;3924.31;12675.96
2023-03-24-09-35;3925.91;12681.72
2023-03-24-09-36;3928.18;12675.05
2023-03-24-09-37;3927.05;12664.19
2023-03-24-09-38;3925.42;12655.75
2023-03-24-09-39;3926.75;12668.20
2023-03-24-09-40;3925.02;12659.54
2023-03-24-09-41;3926.32;12667.15
2023-03-24-09-42;3918.88;12636.66
2023-03-24-09-43;3916.71;12630.58
2023-03-24-09-44;3919.69;12646.69
2023-03-24-09-45;3920.22;12639.16
2023-03-24-09-46;3917.72;12650.22
2023-03-24-09-47;3913.09;12631.07
2023-03-24-09-48;3911.30;12625.52
2023-03-24-09-49;3911.09;12625.42
2023-03-24-09-50;3913.79;12632.55
2023-03-24-09-51;3918.45;12654.20
2023-03-24-09-52;3917.43;12654.05
2023-03-24-09-53;3920.38;12668.07
2023-03-24-09-54;3925.97;12680.65
2023-03-24-09-55;3926.13;12682.94
2023-03-24-09-56;3929.06;12693.29
2023-03-24-09-57;3929.14;12698.01
2023-03-24-09-58;3928.79;12692.42
2023-03-24-09-59;3930.02;12697.42
2023-03-24-10-00;3931.40;12696.58
2023-03-24-10-01;3932.63;12696.74
2023-03-24-10-02;3932.92;12690.83
2023-03-24-10-03;3932.02;12686.17
2023-03-24-10-04;3930.55;12684.68
2023-03-24-10-05;3930.34;12685.63
2023-03-24-10-06;3933.37;12696.48
2023-03-24-10-07;3930.88;12685.63
2023-03-24-10-08;3930.72;12679.99
2023-03-24-10-09;3927.88;12667.62
2023-03-24-10-10;3928.40;12668.19
2023-03-24-10-11;3928.13;12667.50
2023-03-24-10-12;3928.24;12674.80
2023-03-24-10-13;3930.56;12690.75
2023-03-24-10-14;3936.05;12703.38
2023-03-24-10-15;3932.99;12690.18
2023-03-24-10-16;3927.51;12675.27
2023-03-24-10-17;3926.85;12667.79
2023-03-24-10-18;3926.55;12667.84
2023-03-24-10-19;3929.06;12678.92
2023-03-24-10-20;3924.65;12665.67
2023-03-24-10-21;3922.66;12655.22
2023-03-24-10-22;3919.23;12645.65
